Subject,Task,Time,Accuracy,Group,measurement_1,measurement_2,Scale,Score
1155,Absolute,3s,0.4722222222222222,VR,3668,1540,Egocentric,6.6
1155,Absolute,3s,0.4722222222222222,VR,3668,1540,Allocentric,6.71
1155,Absolute,3s,0.4722222222222222,VR,3668,1540,Cardinal Direction,4.0
1155,Absolute,Inf,0.5,VR,3668,1540,Egocentric,6.6
1155,Absolute,Inf,0.5,VR,3668,1540,Allocentric,6.71
1155,Absolute,Inf,0.5,VR,3668,1540,Cardinal Direction,4.0
1155,Relative,3s,0.5277777777777778,VR,3668,1540,Egocentric,6.6
1155,Relative,3s,0.5277777777777778,VR,3668,1540,Allocentric,6.71
1155,Relative,3s,0.5277777777777778,VR,3668,1540,Cardinal Direction,4.0
1155,Relative,Inf,0.5,VR,3668,1540,Egocentric,6.6
1155,Relative,Inf,0.5,VR,3668,1540,Allocentric,6.71
1155,Relative,Inf,0.5,VR,3668,1540,Cardinal Direction,4.0
1155,Pointing,3s,0.5,VR,3668,1540,Egocentric,6.6
1155,Pointing,3s,0.5,VR,3668,1540,Allocentric,6.71
1155,Pointing,3s,0.5,VR,3668,1540,Cardinal Direction,4.0
1155,Pointing,Inf,0.6666666666666666,VR,3668,1540,Egocentric,6.6
1155,Pointing,Inf,0.6666666666666666,VR,3668,1540,Allocentric,6.71
1155,Pointing,Inf,0.6666666666666666,VR,3668,1540,Cardinal Direction,4.0
2044,Absolute,3s,0.4444444444444444,VR,9364,2098,Egocentric,5.7
2044,Absolute,3s,0.4444444444444444,VR,9364,2098,Allocentric,4.71
2044,Absolute,3s,0.4444444444444444,VR,9364,2098,Cardinal Direction,2.5
2044,Absolute,Inf,0.4166666666666667,VR,9364,2098,Egocentric,5.7
2044,Absolute,Inf,0.4166666666666667,VR,9364,2098,Allocentric,4.71
2044,Absolute,Inf,0.4166666666666667,VR,9364,2098,Cardinal Direction,2.5
2044,Relative,3s,0.4444444444444444,VR,9364,2098,Egocentric,5.7
2044,Relative,3s,0.4444444444444444,VR,9364,2098,Allocentric,4.71
2044,Relative,3s,0.4444444444444444,VR,9364,2098,Cardinal Direction,2.5
2044,Relative,Inf,0.6388888888888888,VR,9364,2098,Egocentric,5.7
2044,Relative,Inf,0.6388888888888888,VR,9364,2098,Allocentric,4.71
2044,Relative,Inf,0.6388888888888888,VR,9364,2098,Cardinal Direction,2.5
2044,Pointing,3s,0.5,VR,9364,2098,Egocentric,5.7
2044,Pointing,3s,0.5,VR,9364,2098,Allocentric,4.71
2044,Pointing,3s,0.5,VR,9364,2098,Cardinal Direction,2.5
2044,Pointing,Inf,0.5833333333333334,VR,9364,2098,Egocentric,5.7
2044,Pointing,Inf,0.5833333333333334,VR,9364,2098,Allocentric,4.71
2044,Pointing,Inf,0.5833333333333334,VR,9364,2098,Cardinal Direction,2.5
3023,Absolute,3s,0.6666666666666666,VR,6348,5696,Egocentric,5.9
3023,Absolute,3s,0.6666666666666666,VR,6348,5696,Allocentric,6.14
3023,Absolute,3s,0.6666666666666666,VR,6348,5696,Cardinal Direction,4.5
3023,Absolute,Inf,0.75,VR,6348,5696,Egocentric,5.9
3023,Absolute,Inf,0.75,VR,6348,5696,Allocentric,6.14
3023,Absolute,Inf,0.75,VR,6348,5696,Cardinal Direction,4.5
3023,Relative,3s,0.6944444444444444,VR,6348,5696,Egocentric,5.9
3023,Relative,3s,0.6944444444444444,VR,6348,5696,Allocentric,6.14
3023,Relative,3s,0.6944444444444444,VR,6348,5696,Cardinal Direction,4.5
3023,Relative,Inf,0.75,VR,6348,5696,Egocentric,5.9
3023,Relative,Inf,0.75,VR,6348,5696,Allocentric,6.14
3023,Relative,Inf,0.75,VR,6348,5696,Cardinal Direction,4.5
3023,Pointing,3s,0.5,VR,6348,5696,Egocentric,5.9
3023,Pointing,3s,0.5,VR,6348,5696,Allocentric,6.14
3023,Pointing,3s,0.5,VR,6348,5696,Cardinal Direction,4.5
3023,Pointing,Inf,0.8055555555555556,VR,6348,5696,Egocentric,5.9
3023,Pointing,Inf,0.8055555555555556,VR,6348,5696,Allocentric,6.14
3023,Pointing,Inf,0.8055555555555556,VR,6348,5696,Cardinal Direction,4.5
3743,Absolute,3s,0.4444444444444444,VR,8834,9748,Egocentric,5.1
3743,Absolute,3s,0.4444444444444444,VR,8834,9748,Allocentric,6.14
3743,Absolute,3s,0.4444444444444444,VR,8834,9748,Cardinal Direction,5.5
3743,Absolute,Inf,0.7777777777777778,VR,8834,9748,Egocentric,5.1
3743,Absolute,Inf,0.7777777777777778,VR,8834,9748,Allocentric,6.14
3743,Absolute,Inf,0.7777777777777778,VR,8834,9748,Cardinal Direction,5.5
3743,Relative,3s,0.4722222222222222,VR,8834,9748,Egocentric,5.1
3743,Relative,3s,0.4722222222222222,VR,8834,9748,Allocentric,6.14
3743,Relative,3s,0.4722222222222222,VR,8834,9748,Cardinal Direction,5.5
3743,Relative,Inf,0.6388888888888888,VR,8834,9748,Egocentric,5.1
3743,Relative,Inf,0.6388888888888888,VR,8834,9748,Allocentric,6.14
3743,Relative,Inf,0.6388888888888888,VR,8834,9748,Cardinal Direction,5.5
3743,Pointing,3s,0.6111111111111112,VR,8834,9748,Egocentric,5.1
3743,Pointing,3s,0.6111111111111112,VR,8834,9748,Allocentric,6.14
3743,Pointing,3s,0.6111111111111112,VR,8834,9748,Cardinal Direction,5.5
3743,Pointing,Inf,0.7222222222222222,VR,8834,9748,Egocentric,5.1
3743,Pointing,Inf,0.7222222222222222,VR,8834,9748,Allocentric,6.14
3743,Pointing,Inf,0.7222222222222222,VR,8834,9748,Cardinal Direction,5.5
4272,Absolute,3s,0.3888888888888889,VR,2179,7942,Egocentric,
4272,Absolute,3s,0.3888888888888889,VR,2179,7942,Allocentric,
4272,Absolute,3s,0.3888888888888889,VR,2179,7942,Cardinal Direction,
4272,Absolute,Inf,0.4722222222222222,VR,2179,7942,Egocentric,
4272,Absolute,Inf,0.4722222222222222,VR,2179,7942,Allocentric,
4272,Absolute,Inf,0.4722222222222222,VR,2179,7942,Cardinal Direction,
4272,Relative,3s,0.3333333333333333,VR,2179,7942,Egocentric,
4272,Relative,3s,0.3333333333333333,VR,2179,7942,Allocentric,
4272,Relative,3s,0.3333333333333333,VR,2179,7942,Cardinal Direction,
4272,Relative,Inf,0.5833333333333334,VR,2179,7942,Egocentric,
4272,Relative,Inf,0.5833333333333334,VR,2179,7942,Allocentric,
4272,Relative,Inf,0.5833333333333334,VR,2179,7942,Cardinal Direction,
4272,Pointing,3s,0.5833333333333334,VR,2179,7942,Egocentric,
4272,Pointing,3s,0.5833333333333334,VR,2179,7942,Allocentric,
4272,Pointing,3s,0.5833333333333334,VR,2179,7942,Cardinal Direction,
4272,Pointing,Inf,0.6111111111111112,VR,2179,7942,Egocentric,
4272,Pointing,Inf,0.6111111111111112,VR,2179,7942,Allocentric,
4272,Pointing,Inf,0.6111111111111112,VR,2179,7942,Cardinal Direction,
5239,Absolute,3s,0.5833333333333334,VR,4502,1582,Egocentric,4.4
5239,Absolute,3s,0.5833333333333334,VR,4502,1582,Allocentric,2.0
5239,Absolute,3s,0.5833333333333334,VR,4502,1582,Cardinal Direction,1.0
5239,Absolute,Inf,0.4722222222222222,VR,4502,1582,Egocentric,4.4
5239,Absolute,Inf,0.4722222222222222,VR,4502,1582,Allocentric,2.0
5239,Absolute,Inf,0.4722222222222222,VR,4502,1582,Cardinal Direction,1.0
5239,Relative,3s,0.3888888888888889,VR,4502,1582,Egocentric,4.4
5239,Relative,3s,0.3888888888888889,VR,4502,1582,Allocentric,2.0
5239,Relative,3s,0.3888888888888889,VR,4502,1582,Cardinal Direction,1.0
5239,Relative,Inf,0.5833333333333334,VR,4502,1582,Egocentric,4.4
5239,Relative,Inf,0.5833333333333334,VR,4502,1582,Allocentric,2.0
5239,Relative,Inf,0.5833333333333334,VR,4502,1582,Cardinal Direction,1.0
5239,Pointing,3s,0.3888888888888889,VR,4502,1582,Egocentric,4.4
5239,Pointing,3s,0.3888888888888889,VR,4502,1582,Allocentric,2.0
5239,Pointing,3s,0.3888888888888889,VR,4502,1582,Cardinal Direction,1.0
5239,Pointing,Inf,0.5277777777777778,VR,4502,1582,Egocentric,4.4
5239,Pointing,Inf,0.5277777777777778,VR,4502,1582,Allocentric,2.0
5239,Pointing,Inf,0.5277777777777778,VR,4502,1582,Cardinal Direction,1.0
5253,Absolute,3s,0.5277777777777778,VR,5978,3686,Egocentric,4.1
5253,Absolute,3s,0.5277777777777778,VR,5978,3686,Allocentric,3.85
5253,Absolute,3s,0.5277777777777778,VR,5978,3686,Cardinal Direction,3.5
5253,Absolute,Inf,0.6388888888888888,VR,5978,3686,Egocentric,4.1
5253,Absolute,Inf,0.6388888888888888,VR,5978,3686,Allocentric,3.85
5253,Absolute,Inf,0.6388888888888888,VR,5978,3686,Cardinal Direction,3.5
5253,Relative,3s,0.4444444444444444,VR,5978,3686,Egocentric,4.1
5253,Relative,3s,0.4444444444444444,VR,5978,3686,Allocentric,3.85
5253,Relative,3s,0.4444444444444444,VR,5978,3686,Cardinal Direction,3.5
5253,Relative,Inf,0.4166666666666667,VR,5978,3686,Egocentric,4.1
5253,Relative,Inf,0.4166666666666667,VR,5978,3686,Allocentric,3.85
5253,Relative,Inf,0.4166666666666667,VR,5978,3686,Cardinal Direction,3.5
5253,Pointing,3s,0.5277777777777778,VR,5978,3686,Egocentric,4.1
5253,Pointing,3s,0.5277777777777778,VR,5978,3686,Allocentric,3.85
5253,Pointing,3s,0.5277777777777778,VR,5978,3686,Cardinal Direction,3.5
5253,Pointing,Inf,0.5833333333333334,VR,5978,3686,Egocentric,4.1
5253,Pointing,Inf,0.5833333333333334,VR,5978,3686,Allocentric,3.85
5253,Pointing,Inf,0.5833333333333334,VR,5978,3686,Cardinal Direction,3.5
5346,Absolute,3s,0.4166666666666667,VR,4470,6594,Egocentric,5.0
5346,Absolute,3s,0.4166666666666667,VR,4470,6594,Allocentric,4.0
5346,Absolute,3s,0.4166666666666667,VR,4470,6594,Cardinal Direction,6.0
5346,Absolute,Inf,0.75,VR,4470,6594,Egocentric,5.0
5346,Absolute,Inf,0.75,VR,4470,6594,Allocentric,4.0
5346,Absolute,Inf,0.75,VR,4470,6594,Cardinal Direction,6.0
5346,Relative,3s,0.4166666666666667,VR,4470,6594,Egocentric,5.0
5346,Relative,3s,0.4166666666666667,VR,4470,6594,Allocentric,4.0
5346,Relative,3s,0.4166666666666667,VR,4470,6594,Cardinal Direction,6.0
5346,Relative,Inf,0.5833333333333334,VR,4470,6594,Egocentric,5.0
5346,Relative,Inf,0.5833333333333334,VR,4470,6594,Allocentric,4.0
5346,Relative,Inf,0.5833333333333334,VR,4470,6594,Cardinal Direction,6.0
5346,Pointing,3s,0.5,VR,4470,6594,Egocentric,5.0
5346,Pointing,3s,0.5,VR,4470,6594,Allocentric,4.0
5346,Pointing,3s,0.5,VR,4470,6594,Cardinal Direction,6.0
5346,Pointing,Inf,0.5,VR,4470,6594,Egocentric,5.0
5346,Pointing,Inf,0.5,VR,4470,6594,Allocentric,4.0
5346,Pointing,Inf,0.5,VR,4470,6594,Cardinal Direction,6.0
6398,Absolute,3s,0.5277777777777778,VR,5507,3949,Egocentric,
6398,Absolute,3s,0.5277777777777778,VR,5507,3949,Allocentric,
6398,Absolute,3s,0.5277777777777778,VR,5507,3949,Cardinal Direction,
6398,Absolute,Inf,0.8055555555555556,VR,5507,3949,Egocentric,
6398,Absolute,Inf,0.8055555555555556,VR,5507,3949,Allocentric,
6398,Absolute,Inf,0.8055555555555556,VR,5507,3949,Cardinal Direction,
6398,Relative,3s,0.5833333333333334,VR,5507,3949,Egocentric,
6398,Relative,3s,0.5833333333333334,VR,5507,3949,Allocentric,
6398,Relative,3s,0.5833333333333334,VR,5507,3949,Cardinal Direction,
6398,Relative,Inf,0.8055555555555556,VR,5507,3949,Egocentric,
6398,Relative,Inf,0.8055555555555556,VR,5507,3949,Allocentric,
6398,Relative,Inf,0.8055555555555556,VR,5507,3949,Cardinal Direction,
6398,Pointing,3s,0.5555555555555556,VR,5507,3949,Egocentric,
6398,Pointing,3s,0.5555555555555556,VR,5507,3949,Allocentric,
6398,Pointing,3s,0.5555555555555556,VR,5507,3949,Cardinal Direction,
6398,Pointing,Inf,0.5555555555555556,VR,5507,3949,Egocentric,
6398,Pointing,Inf,0.5555555555555556,VR,5507,3949,Allocentric,
6398,Pointing,Inf,0.5555555555555556,VR,5507,3949,Cardinal Direction,
7021,Absolute,3s,0.5555555555555556,VR,2151,3299,Egocentric,6.0
7021,Absolute,3s,0.5555555555555556,VR,2151,3299,Allocentric,4.85
7021,Absolute,3s,0.5555555555555556,VR,2151,3299,Cardinal Direction,6.0
7021,Absolute,Inf,0.5277777777777778,VR,2151,3299,Egocentric,6.0
7021,Absolute,Inf,0.5277777777777778,VR,2151,3299,Allocentric,4.85
7021,Absolute,Inf,0.5277777777777778,VR,2151,3299,Cardinal Direction,6.0
7021,Relative,3s,0.5277777777777778,VR,2151,3299,Egocentric,6.0
7021,Relative,3s,0.5277777777777778,VR,2151,3299,Allocentric,4.85
7021,Relative,3s,0.5277777777777778,VR,2151,3299,Cardinal Direction,6.0
7021,Relative,Inf,0.6388888888888888,VR,2151,3299,Egocentric,6.0
7021,Relative,Inf,0.6388888888888888,VR,2151,3299,Allocentric,4.85
7021,Relative,Inf,0.6388888888888888,VR,2151,3299,Cardinal Direction,6.0
7021,Pointing,3s,0.6388888888888888,VR,2151,3299,Egocentric,6.0
7021,Pointing,3s,0.6388888888888888,VR,2151,3299,Allocentric,4.85
7021,Pointing,3s,0.6388888888888888,VR,2151,3299,Cardinal Direction,6.0
7021,Pointing,Inf,0.6388888888888888,VR,2151,3299,Egocentric,6.0
7021,Pointing,Inf,0.6388888888888888,VR,2151,3299,Allocentric,4.85
7021,Pointing,Inf,0.6388888888888888,VR,2151,3299,Cardinal Direction,6.0
8072,Absolute,3s,0.6666666666666666,VR,6971,4510,Egocentric,
8072,Absolute,3s,0.6666666666666666,VR,6971,4510,Allocentric,
8072,Absolute,3s,0.6666666666666666,VR,6971,4510,Cardinal Direction,
8072,Absolute,Inf,0.5833333333333334,VR,6971,4510,Egocentric,
8072,Absolute,Inf,0.5833333333333334,VR,6971,4510,Allocentric,
8072,Absolute,Inf,0.5833333333333334,VR,6971,4510,Cardinal Direction,
8072,Relative,3s,0.5,VR,6971,4510,Egocentric,
8072,Relative,3s,0.5,VR,6971,4510,Allocentric,
8072,Relative,3s,0.5,VR,6971,4510,Cardinal Direction,
8072,Relative,Inf,0.4722222222222222,VR,6971,4510,Egocentric,
8072,Relative,Inf,0.4722222222222222,VR,6971,4510,Allocentric,
8072,Relative,Inf,0.4722222222222222,VR,6971,4510,Cardinal Direction,
8072,Pointing,3s,0.4444444444444444,VR,6971,4510,Egocentric,
8072,Pointing,3s,0.4444444444444444,VR,6971,4510,Allocentric,
8072,Pointing,3s,0.4444444444444444,VR,6971,4510,Cardinal Direction,
8072,Pointing,Inf,0.6666666666666666,VR,6971,4510,Egocentric,
8072,Pointing,Inf,0.6666666666666666,VR,6971,4510,Allocentric,
8072,Pointing,Inf,0.6666666666666666,VR,6971,4510,Cardinal Direction,
8195,Absolute,3s,0.4444444444444444,VR,6387,3856,Egocentric,2.8
8195,Absolute,3s,0.4444444444444444,VR,6387,3856,Allocentric,3.42
8195,Absolute,3s,0.4444444444444444,VR,6387,3856,Cardinal Direction,3.5
8195,Absolute,Inf,0.3888888888888889,VR,6387,3856,Egocentric,2.8
8195,Absolute,Inf,0.3888888888888889,VR,6387,3856,Allocentric,3.42
8195,Absolute,Inf,0.3888888888888889,VR,6387,3856,Cardinal Direction,3.5
8195,Relative,3s,0.4722222222222222,VR,6387,3856,Egocentric,2.8
8195,Relative,3s,0.4722222222222222,VR,6387,3856,Allocentric,3.42
8195,Relative,3s,0.4722222222222222,VR,6387,3856,Cardinal Direction,3.5
8195,Relative,Inf,0.5833333333333334,VR,6387,3856,Egocentric,2.8
8195,Relative,Inf,0.5833333333333334,VR,6387,3856,Allocentric,3.42
8195,Relative,Inf,0.5833333333333334,VR,6387,3856,Cardinal Direction,3.5
8195,Pointing,3s,0.3888888888888889,VR,6387,3856,Egocentric,2.8
8195,Pointing,3s,0.3888888888888889,VR,6387,3856,Allocentric,3.42
8195,Pointing,3s,0.3888888888888889,VR,6387,3856,Cardinal Direction,3.5
8195,Pointing,Inf,0.5,VR,6387,3856,Egocentric,2.8
8195,Pointing,Inf,0.5,VR,6387,3856,Allocentric,3.42
8195,Pointing,Inf,0.5,VR,6387,3856,Cardinal Direction,3.5
8261,Absolute,3s,0.5,VR,3430,3963,Egocentric,3.3
8261,Absolute,3s,0.5,VR,3430,3963,Allocentric,4.43
8261,Absolute,3s,0.5,VR,3430,3963,Cardinal Direction,1.0
8261,Absolute,Inf,0.6944444444444444,VR,3430,3963,Egocentric,3.3
8261,Absolute,Inf,0.6944444444444444,VR,3430,3963,Allocentric,4.43
8261,Absolute,Inf,0.6944444444444444,VR,3430,3963,Cardinal Direction,1.0
8261,Relative,3s,0.3611111111111111,VR,3430,3963,Egocentric,3.3
8261,Relative,3s,0.3611111111111111,VR,3430,3963,Allocentric,4.43
8261,Relative,3s,0.3611111111111111,VR,3430,3963,Cardinal Direction,1.0
8261,Relative,Inf,0.6111111111111112,VR,3430,3963,Egocentric,3.3
8261,Relative,Inf,0.6111111111111112,VR,3430,3963,Allocentric,4.43
8261,Relative,Inf,0.6111111111111112,VR,3430,3963,Cardinal Direction,1.0
8261,Pointing,3s,0.6388888888888888,VR,3430,3963,Egocentric,3.3
8261,Pointing,3s,0.6388888888888888,VR,3430,3963,Allocentric,4.43
8261,Pointing,3s,0.6388888888888888,VR,3430,3963,Cardinal Direction,1.0
8261,Pointing,Inf,0.5555555555555556,VR,3430,3963,Egocentric,3.3
8261,Pointing,Inf,0.5555555555555556,VR,3430,3963,Allocentric,4.43
8261,Pointing,Inf,0.5555555555555556,VR,3430,3963,Cardinal Direction,1.0
8547,Absolute,3s,0.4166666666666667,VR,8466,8041,Egocentric,4.1
8547,Absolute,3s,0.4166666666666667,VR,8466,8041,Allocentric,3.85
8547,Absolute,3s,0.4166666666666667,VR,8466,8041,Cardinal Direction,4.5
8547,Absolute,Inf,0.6388888888888888,VR,8466,8041,Egocentric,4.1
8547,Absolute,Inf,0.6388888888888888,VR,8466,8041,Allocentric,3.85
8547,Absolute,Inf,0.6388888888888888,VR,8466,8041,Cardinal Direction,4.5
8547,Relative,3s,0.5555555555555556,VR,8466,8041,Egocentric,4.1
8547,Relative,3s,0.5555555555555556,VR,8466,8041,Allocentric,3.85
8547,Relative,3s,0.5555555555555556,VR,8466,8041,Cardinal Direction,4.5
8547,Relative,Inf,0.3888888888888889,VR,8466,8041,Egocentric,4.1
8547,Relative,Inf,0.3888888888888889,VR,8466,8041,Allocentric,3.85
8547,Relative,Inf,0.3888888888888889,VR,8466,8041,Cardinal Direction,4.5
8547,Pointing,3s,0.6388888888888888,VR,8466,8041,Egocentric,4.1
8547,Pointing,3s,0.6388888888888888,VR,8466,8041,Allocentric,3.85
8547,Pointing,3s,0.6388888888888888,VR,8466,8041,Cardinal Direction,4.5
8547,Pointing,Inf,0.5,VR,8466,8041,Egocentric,4.1
8547,Pointing,Inf,0.5,VR,8466,8041,Allocentric,3.85
8547,Pointing,Inf,0.5,VR,8466,8041,Cardinal Direction,4.5
8699,Absolute,3s,0.5277777777777778,VR,9202,5582,Egocentric,4.7
8699,Absolute,3s,0.5277777777777778,VR,9202,5582,Allocentric,4.0
8699,Absolute,3s,0.5277777777777778,VR,9202,5582,Cardinal Direction,3.0
8699,Absolute,Inf,0.5,VR,9202,5582,Egocentric,4.7
8699,Absolute,Inf,0.5,VR,9202,5582,Allocentric,4.0
8699,Absolute,Inf,0.5,VR,9202,5582,Cardinal Direction,3.0
8699,Relative,3s,0.5555555555555556,VR,9202,5582,Egocentric,4.7
8699,Relative,3s,0.5555555555555556,VR,9202,5582,Allocentric,4.0
8699,Relative,3s,0.5555555555555556,VR,9202,5582,Cardinal Direction,3.0
8699,Relative,Inf,0.5,VR,9202,5582,Egocentric,4.7
8699,Relative,Inf,0.5,VR,9202,5582,Allocentric,4.0
8699,Relative,Inf,0.5,VR,9202,5582,Cardinal Direction,3.0
8699,Pointing,3s,0.5555555555555556,VR,9202,5582,Egocentric,4.7
8699,Pointing,3s,0.5555555555555556,VR,9202,5582,Allocentric,4.0
8699,Pointing,3s,0.5555555555555556,VR,9202,5582,Cardinal Direction,3.0
8699,Pointing,Inf,0.5833333333333334,VR,9202,5582,Egocentric,4.7
8699,Pointing,Inf,0.5833333333333334,VR,9202,5582,Allocentric,4.0
8699,Pointing,Inf,0.5833333333333334,VR,9202,5582,Cardinal Direction,3.0
8936,Absolute,3s,0.5277777777777778,VR,7670,6430,Egocentric,3.5
8936,Absolute,3s,0.5277777777777778,VR,7670,6430,Allocentric,1.57
8936,Absolute,3s,0.5277777777777778,VR,7670,6430,Cardinal Direction,1.0
8936,Absolute,Inf,0.5,VR,7670,6430,Egocentric,3.5
8936,Absolute,Inf,0.5,VR,7670,6430,Allocentric,1.57
8936,Absolute,Inf,0.5,VR,7670,6430,Cardinal Direction,1.0
8936,Relative,3s,0.5,VR,7670,6430,Egocentric,3.5
8936,Relative,3s,0.5,VR,7670,6430,Allocentric,1.57
8936,Relative,3s,0.5,VR,7670,6430,Cardinal Direction,1.0
8936,Relative,Inf,0.2222222222222222,VR,7670,6430,Egocentric,3.5
8936,Relative,Inf,0.2222222222222222,VR,7670,6430,Allocentric,1.57
8936,Relative,Inf,0.2222222222222222,VR,7670,6430,Cardinal Direction,1.0
8936,Pointing,3s,0.5277777777777778,VR,7670,6430,Egocentric,3.5
8936,Pointing,3s,0.5277777777777778,VR,7670,6430,Allocentric,1.57
8936,Pointing,3s,0.5277777777777778,VR,7670,6430,Cardinal Direction,1.0
8936,Pointing,Inf,0.5833333333333334,VR,7670,6430,Egocentric,3.5
8936,Pointing,Inf,0.5833333333333334,VR,7670,6430,Allocentric,1.57
8936,Pointing,Inf,0.5833333333333334,VR,7670,6430,Cardinal Direction,1.0
8954,Absolute,3s,0.4444444444444444,VR,7399,7205,Egocentric,2.5
8954,Absolute,3s,0.4444444444444444,VR,7399,7205,Allocentric,1.43
8954,Absolute,3s,0.4444444444444444,VR,7399,7205,Cardinal Direction,1.0
8954,Absolute,Inf,0.5277777777777778,VR,7399,7205,Egocentric,2.5
8954,Absolute,Inf,0.5277777777777778,VR,7399,7205,Allocentric,1.43
8954,Absolute,Inf,0.5277777777777778,VR,7399,7205,Cardinal Direction,1.0
8954,Relative,3s,0.5,VR,7399,7205,Egocentric,2.5
8954,Relative,3s,0.5,VR,7399,7205,Allocentric,1.43
8954,Relative,3s,0.5,VR,7399,7205,Cardinal Direction,1.0
8954,Relative,Inf,0.6111111111111112,VR,7399,7205,Egocentric,2.5
8954,Relative,Inf,0.6111111111111112,VR,7399,7205,Allocentric,1.43
8954,Relative,Inf,0.6111111111111112,VR,7399,7205,Cardinal Direction,1.0
8954,Pointing,3s,0.5,VR,7399,7205,Egocentric,2.5
8954,Pointing,3s,0.5,VR,7399,7205,Allocentric,1.43
8954,Pointing,3s,0.5,VR,7399,7205,Cardinal Direction,1.0
8954,Pointing,Inf,0.6944444444444444,VR,7399,7205,Egocentric,2.5
8954,Pointing,Inf,0.6944444444444444,VR,7399,7205,Allocentric,1.43
8954,Pointing,Inf,0.6944444444444444,VR,7399,7205,Cardinal Direction,1.0
9017,Absolute,3s,0.5,VR,3377,5602,Egocentric,5.1
9017,Absolute,3s,0.5,VR,3377,5602,Allocentric,4.43
9017,Absolute,3s,0.5,VR,3377,5602,Cardinal Direction,5.5
9017,Absolute,Inf,0.5,VR,3377,5602,Egocentric,5.1
9017,Absolute,Inf,0.5,VR,3377,5602,Allocentric,4.43
9017,Absolute,Inf,0.5,VR,3377,5602,Cardinal Direction,5.5
9017,Relative,3s,0.6111111111111112,VR,3377,5602,Egocentric,5.1
9017,Relative,3s,0.6111111111111112,VR,3377,5602,Allocentric,4.43
9017,Relative,3s,0.6111111111111112,VR,3377,5602,Cardinal Direction,5.5
9017,Relative,Inf,0.6666666666666666,VR,3377,5602,Egocentric,5.1
9017,Relative,Inf,0.6666666666666666,VR,3377,5602,Allocentric,4.43
9017,Relative,Inf,0.6666666666666666,VR,3377,5602,Cardinal Direction,5.5
9017,Pointing,3s,0.5,VR,3377,5602,Egocentric,5.1
9017,Pointing,3s,0.5,VR,3377,5602,Allocentric,4.43
9017,Pointing,3s,0.5,VR,3377,5602,Cardinal Direction,5.5
9017,Pointing,Inf,0.5555555555555556,VR,3377,5602,Egocentric,5.1
9017,Pointing,Inf,0.5555555555555556,VR,3377,5602,Allocentric,4.43
9017,Pointing,Inf,0.5555555555555556,VR,3377,5602,Cardinal Direction,5.5
9437,Absolute,3s,0.6944444444444444,VR,1909,8551,Egocentric,5.4
9437,Absolute,3s,0.6944444444444444,VR,1909,8551,Allocentric,3.42
9437,Absolute,3s,0.6944444444444444,VR,1909,8551,Cardinal Direction,1.0
9437,Absolute,Inf,0.4444444444444444,VR,1909,8551,Egocentric,5.4
9437,Absolute,Inf,0.4444444444444444,VR,1909,8551,Allocentric,3.42
9437,Absolute,Inf,0.4444444444444444,VR,1909,8551,Cardinal Direction,1.0
9437,Relative,3s,0.5,VR,1909,8551,Egocentric,5.4
9437,Relative,3s,0.5,VR,1909,8551,Allocentric,3.42
9437,Relative,3s,0.5,VR,1909,8551,Cardinal Direction,1.0
9437,Relative,Inf,0.3333333333333333,VR,1909,8551,Egocentric,5.4
9437,Relative,Inf,0.3333333333333333,VR,1909,8551,Allocentric,3.42
9437,Relative,Inf,0.3333333333333333,VR,1909,8551,Cardinal Direction,1.0
9437,Pointing,3s,0.5,VR,1909,8551,Egocentric,5.4
9437,Pointing,3s,0.5,VR,1909,8551,Allocentric,3.42
9437,Pointing,3s,0.5,VR,1909,8551,Cardinal Direction,1.0
9437,Pointing,Inf,0.6111111111111112,VR,1909,8551,Egocentric,5.4
9437,Pointing,Inf,0.6111111111111112,VR,1909,8551,Allocentric,3.42
9437,Pointing,Inf,0.6111111111111112,VR,1909,8551,Cardinal Direction,1.0
9475,Absolute,3s,0.6388888888888888,VR,1002,6543,Egocentric,5.8
9475,Absolute,3s,0.6388888888888888,VR,1002,6543,Allocentric,5.57
9475,Absolute,3s,0.6388888888888888,VR,1002,6543,Cardinal Direction,5.5
9475,Absolute,Inf,0.6666666666666666,VR,1002,6543,Egocentric,5.8
9475,Absolute,Inf,0.6666666666666666,VR,1002,6543,Allocentric,5.57
9475,Absolute,Inf,0.6666666666666666,VR,1002,6543,Cardinal Direction,5.5
9475,Relative,3s,0.5277777777777778,VR,1002,6543,Egocentric,5.8
9475,Relative,3s,0.5277777777777778,VR,1002,6543,Allocentric,5.57
9475,Relative,3s,0.5277777777777778,VR,1002,6543,Cardinal Direction,5.5
9475,Relative,Inf,0.5277777777777778,VR,1002,6543,Egocentric,5.8
9475,Relative,Inf,0.5277777777777778,VR,1002,6543,Allocentric,5.57
9475,Relative,Inf,0.5277777777777778,VR,1002,6543,Cardinal Direction,5.5
9475,Pointing,3s,0.4722222222222222,VR,1002,6543,Egocentric,5.8
9475,Pointing,3s,0.4722222222222222,VR,1002,6543,Allocentric,5.57
9475,Pointing,3s,0.4722222222222222,VR,1002,6543,Cardinal Direction,5.5
9475,Pointing,Inf,0.5833333333333334,VR,1002,6543,Egocentric,5.8
9475,Pointing,Inf,0.5833333333333334,VR,1002,6543,Allocentric,5.57
9475,Pointing,Inf,0.5833333333333334,VR,1002,6543,Cardinal Direction,5.5
9961,Absolute,3s,0.3888888888888889,VR,8258,9176,Egocentric,3.8
9961,Absolute,3s,0.3888888888888889,VR,8258,9176,Allocentric,1.71
9961,Absolute,3s,0.3888888888888889,VR,8258,9176,Cardinal Direction,3.0
9961,Absolute,Inf,0.5555555555555556,VR,8258,9176,Egocentric,3.8
9961,Absolute,Inf,0.5555555555555556,VR,8258,9176,Allocentric,1.71
9961,Absolute,Inf,0.5555555555555556,VR,8258,9176,Cardinal Direction,3.0
9961,Relative,3s,0.4722222222222222,VR,8258,9176,Egocentric,3.8
9961,Relative,3s,0.4722222222222222,VR,8258,9176,Allocentric,1.71
9961,Relative,3s,0.4722222222222222,VR,8258,9176,Cardinal Direction,3.0
9961,Relative,Inf,0.5277777777777778,VR,8258,9176,Egocentric,3.8
9961,Relative,Inf,0.5277777777777778,VR,8258,9176,Allocentric,1.71
9961,Relative,Inf,0.5277777777777778,VR,8258,9176,Cardinal Direction,3.0
9961,Pointing,3s,0.4166666666666667,VR,8258,9176,Egocentric,3.8
9961,Pointing,3s,0.4166666666666667,VR,8258,9176,Allocentric,1.71
9961,Pointing,3s,0.4166666666666667,VR,8258,9176,Cardinal Direction,3.0
9961,Pointing,Inf,0.6111111111111112,VR,8258,9176,Egocentric,3.8
9961,Pointing,Inf,0.6111111111111112,VR,8258,9176,Allocentric,1.71
9961,Pointing,Inf,0.6111111111111112,VR,8258,9176,Cardinal Direction,3.0
